,Unnamed: 0.1,Unnamed: 0,Player,Nation,Pos,Squad,Comp,Age,Gls,Ast,G+A,G-PK,G+A-PK,xG,xAG,xG+xAG,npxG,npxG+xAG
0,0,0,Fredrik Aursnes,no NOR,DF,SL Benfica,por Liga Portugal,27-294,0.02,0.02,0.0414285714285714,0.02,0.0414285714285714,0.0057142857142857,0.0314285714285714,0.0371428571428571,0.0057142857142857,0.0371428571428571
1,1,1,Nicolás Otamendi,ar ARG,DF,SL Benfica,por Liga Portugal,35-230,0.0,0.0,0.0,0.0,0.0,0.0057142857142857,0.00285714285714285,0.00857142857142855,0.0057142857142857,0.00857142857142855
2,2,2,Rafa Silva,pt POR,MF,SL Benfica,por Liga Portugal,30-136,0.0614285714285714,0.08285714285714285,0.1442857142857143,0.0614285714285714,0.1442857142857143,0.08,0.0757142857142857,0.1542857142857143,0.08,0.1542857142857143
3,3,3,Alexander Bah,dk DEN,DF,SL Benfica,por Liga Portugal,25-295,0.02285714285714285,0.0,0.02285714285714285,0.02285714285714285,0.02285714285714285,0.0114285714285714,0.0071428571428571,0.01857142857142855,0.0114285714285714,0.01857142857142855
4,4,4,Orkun Kökçü,tr TUR,MF,SL Benfica,por Liga Portugal,22-275,0.02428571428571425,0.02428571428571425,0.0471428571428571,0.02428571428571425,0.0471428571428571,0.0214285714285714,0.04285714285714285,0.0642857142857143,0.0214285714285714,0.0642857142857143
5,5,5,António Silva,pt POR,DF,SL Benfica,por Liga Portugal,19-335,0.0,0.0,0.0,0.0,0.0,0.0,0.0,0.0,0.0,0.0
6,6,6,Ángel Di María,ar ARG,FW,SL Benfica,por Liga Portugal,35-228,0.13,0.0257142857142857,0.1557142857142857,0.10428571428571425,0.13,0.09857142857142855,0.02285714285714285,0.1214285714285714,0.07857142857142856,0.1014285714285714
7,7,7,João Neves,pt POR,MF,SL Benfica,por Liga Portugal,19-003,0.0,0.02857142857142855,0.02857142857142855,0.0,0.02857142857142855,0.01285714285714285,0.0171428571428571,0.03,0.01285714285714285,0.03
8,8,8,João Mário,pt POR,FW,SL Benfica,por Liga Portugal,30-254,0.0,0.0,0.0,0.0,0.0,0.0414285714285714,0.0171428571428571,0.05857142857142855,0.0414285714285714,0.05857142857142855
9,9,9,Petar Musa,hr CRO,FW,SL Benfica,por Liga Portugal,25-210,0.1171428571428571,0.0,0.1171428571428571,0.1171428571428571,0.1171428571428571,0.09999999999999995,0.00428571428571425,0.10428571428571425,0.09999999999999995,0.10428571428571425
10,10,10,Samuel Soares,pt POR,GK,SL Benfica,por Liga Portugal,21-107,0.0,0.0,0.0,0.0,0.0,0.0,0.0,0.0,0.0,0.0
11,11,11,Anatolii Trubin,ua UKR,GK,SL Benfica,por Liga Portugal,22-060,0.0,0.0,0.0,0.0,0.0,0.0,0.0,0.0,0.0,0.0
12,12,12,David Neres,br BRA,FW,SL Benfica,por Liga Portugal,26-211,0.04857142857142855,0.14714285714285716,0.1971428571428571,0.04857142857142855,0.1971428571428571,0.05428571428571425,0.09999999999999995,0.15285714285714286,0.05428571428571425,0.15285714285714286
13,13,13,Arthur,br BRA,FW,SL Benfica,por Liga Portugal,25-158,0.0,0.0,0.0,0.0,0.0,0.04,0.0057142857142857,0.04428571428571425,0.04,0.04428571428571425
14,14,14,Florentino Luís,pt POR,MF,SL Benfica,por Liga Portugal,24-042,0.0,0.0,0.0,0.0,0.0,0.0114285714285714,0.0,0.0114285714285714,0.0114285714285714,0.0114285714285714
15,15,15,David Jurásek,cz CZE,DF,SL Benfica,por Liga Portugal,23-054,0.0,0.0,0.0,0.0,0.0,0.00285714285714285,0.02285714285714285,0.0271428571428571,0.00285714285714285,0.0271428571428571
16,16,16,Morato,br BRA,DF,SL Benfica,por Liga Portugal,22-092,0.0,0.0,0.0,0.0,0.0,0.00285714285714285,0.0,0.00285714285714285,0.00285714285714285,0.00285714285714285
17,17,17,Odisseas Vlachodimos,gr GRE,GK,SL Benfica,por Liga Portugal,29-157,0.0,0.0,0.0,0.0,0.0,0.0,0.0,0.0,0.0,0.0
18,18,18,Chiquinho,pt POR,MF,SL Benfica,por Liga Portugal,28-073,0.0,0.0,0.0,0.0,0.0,0.01285714285714285,0.05857142857142855,0.06999999999999995,0.01285714285714285,0.06999999999999995
19,19,19,Casper Tengstedt,dk DEN,"FW,MF",SL Benfica,por Liga Portugal,23-121,0.29857142857142854,0.0,0.29857142857142854,0.29857142857142854,0.29857142857142854,0.0642857142857143,0.06285714285714285,0.12714285714285714,0.0642857142857143,0.12714285714285714
20,20,20,João Victor,br BRA,DF,SL Benfica,por Liga Portugal,25-075,0.0,0.0,0.0,0.0,0.0,0.0,0.0,0.0,0.0,0.0
21,21,21,Tomás Araújo,pt POR,"MF,DF",SL Benfica,por Liga Portugal,21-137,0.0,0.0,0.0,0.0,0.0,0.0,0.0,0.0,0.0,0.0
22,22,22,Mihailo Ristić,rs SRB,DF,SL Benfica,por Liga Portugal,27-334,0.0,0.0,0.0,0.0,0.0,0.0,1.3771428571428572,1.3771428571428572,0.0,1.3771428571428572
23,23,23,Tiago Gouveia,pt POR,FW,SL Benfica,por Liga Portugal,22-104,,,,,,,,,,
24,24,24,Andreas Schjelderup,no NOR,FW,SL Benfica,por Liga Portugal,19-121,,,,,,,,,,
25,27,27,Diogo Costa,pt POR,GK,FC Porto,por Liga Portugal,24-011,0.0,0.0,0.0,0.0,0.0,0.0,0.0,0.0,0.0,0.0
26,28,28,Galeno,br BRA,"MF,DF",FC Porto,por Liga Portugal,25-343,0.0214285714285714,0.0214285714285714,0.04285714285714285,0.0,0.0214285714285714,0.05285714285714285,0.01857142857142855,0.0714285714285714,0.02,0.03857142857142855
27,29,29,Mehdi Taremi,ir IRN,FW,FC Porto,por Liga Portugal,31-074,0.0214285714285714,0.0214285714285714,0.04428571428571425,0.0214285714285714,0.04428571428571425,0.03428571428571425,0.0114285714285714,0.0457142857142857,0.03428571428571425,0.0457142857142857
28,30,30,Stephen Eustáquio,ca CAN,MF,FC Porto,por Liga Portugal,26-283,0.02428571428571425,0.0,0.02428571428571425,0.02428571428571425,0.02428571428571425,0.01857142857142855,0.0014285714285714,0.02,0.01857142857142855,0.02
29,31,31,João Mário Lopes,pt POR,DF,FC Porto,por Liga Portugal,23-270,0.0,0.0,0.0,0.0,0.0,0.00857142857142855,0.0057142857142857,0.01428571428571425,0.00857142857142855,0.01428571428571425
30,32,32,Pepê,br BRA,"MF,DF",FC Porto,por Liga Portugal,26-218,0.0,0.0,0.0,0.0,0.0,0.0171428571428571,0.0214285714285714,0.03857142857142855,0.0171428571428571,0.03857142857142855
31,33,33,Fábio Cardoso,pt POR,DF,FC Porto,por Liga Portugal,29-164,0.0,0.03428571428571425,0.03428571428571425,0.0,0.03428571428571425,0.00857142857142855,0.00428571428571425,0.01285714285714285,0.00857142857142855,0.01285714285714285
32,34,34,Iván Marcano,es ESP,DF,FC Porto,por Liga Portugal,36-099,0.06999999999999995,0.0,0.06999999999999995,0.06999999999999995,0.06999999999999995,0.0457142857142857,0.00428571428571425,0.04999999999999995,0.0457142857142857,0.04999999999999995
33,35,35,Wendell,br BRA,DF,FC Porto,por Liga Portugal,30-072,0.02857142857142855,0.02857142857142855,0.05714285714285715,0.02857142857142855,0.05714285714285715,0.00428571428571425,0.0171428571428571,0.0214285714285714,0.00428571428571425,0.0214285714285714
34,36,36,David Carmo,pt POR,DF,FC Porto,por Liga Portugal,24-073,0.0,0.0,0.0,0.0,0.0,0.0014285714285714,0.00428571428571425,0.0057142857142857,0.0014285714285714,0.0057142857142857
35,37,37,Alan Varela,ar ARG,MF,FC Porto,por Liga Portugal,22-088,0.0,0.0,0.0,0.0,0.0,0.00285714285714285,0.0014285714285714,0.00428571428571425,0.00285714285714285,0.00428571428571425
36,38,38,Nicolás González,es ESP,MF,FC Porto,por Liga Portugal,21-270,0.0,0.0,0.0,0.0,0.0,0.00428571428571425,0.0157142857142857,0.0214285714285714,0.00428571428571425,0.0214285714285714
37,39,39,Toni Martínez,es ESP,FW,FC Porto,por Liga Portugal,26-092,0.1057142857142857,0.0,0.1057142857142857,0.1057142857142857,0.1057142857142857,0.0471428571428571,0.01857142857142855,0.0657142857142857,0.0471428571428571,0.0657142857142857
38,40,40,Pepe,pt POR,DF,FC Porto,por Liga Portugal,40-216,0.0,0.0714285714285714,0.0714285714285714,0.0,0.0714285714285714,0.0,0.0071428571428571,0.0071428571428571,0.0,0.0071428571428571
39,41,41,André Franco,pt POR,"MF,FW",FC Porto,por Liga Portugal,25-171,0.0,0.07285714285714286,0.07285714285714286,0.0,0.07285714285714286,0.01285714285714285,0.1014285714285714,0.11285714285714285,0.01285714285714285,0.11285714285714285
40,42,42,Ivan Jaime Pajuelo,es ESP,MF,FC Porto,por Liga Portugal,23-004,0.0757142857142857,0.0,0.0757142857142857,0.0757142857142857,0.0757142857142857,0.03,0.01857142857142855,0.04857142857142855,0.03,0.04857142857142855
41,43,43,Zaidu Sanusi,ng NGA,DF,FC Porto,por Liga Portugal,26-109,0.0,0.0,0.0,0.0,0.0,0.0,0.0157142857142857,0.0157142857142857,0.0,0.0157142857142857
42,44,44,Fran Navarro,es ESP,"FW,MF",FC Porto,por Liga Portugal,25-239,0.0,0.0,0.0,0.0,0.0,0.08,0.01857142857142855,0.09857142857142855,0.08,0.09857142857142855
43,45,45,Gonçalo Borges,pt POR,"MF,DF",FC Porto,por Liga Portugal,22-185,0.0,0.1614285714285714,0.1614285714285714,0.0,0.1614285714285714,0.0057142857142857,0.1157142857142857,0.1214285714285714,0.0057142857142857,0.1214285714285714
44,46,46,Otávio,pt POR,"MF,FW",FC Porto,por Liga Portugal,28-233,0.0,0.0,0.0,0.0,0.0,0.00428571428571425,0.01428571428571425,0.01857142857142855,0.00428571428571425,0.01857142857142855
45,47,47,Romário Baró,pt POR,MF,FC Porto,por Liga Portugal,23-248,0.0,0.0,0.0,0.0,0.0,0.02285714285714285,0.00428571428571425,0.0271428571428571,0.02285714285714285,0.0271428571428571
46,48,48,Evanilson,br BRA,FW,FC Porto,por Liga Portugal,23-359,0.21857142857142856,0.0,0.21857142857142856,0.21857142857142856,0.21857142857142856,0.0914285714285714,0.0,0.0914285714285714,0.07285714285714286,0.07285714285714286
47,49,49,Marko Grujić,rs SRB,MF,FC Porto,por Liga Portugal,27-170,0.0,0.0,0.0,0.0,0.0,0.0,0.0,0.0,0.0,0.0
48,50,50,Zé Pedro Figueiredo,,,FC Porto,por Liga Portugal,,0.0,0.0,0.0,0.0,0.0,,,,,
49,51,51,Danny Loader,eng ENG,"FW,DF",FC Porto,por Liga Portugal,23-033,0.0,0.0,0.0,0.0,0.0,0.04,0.0,0.04,0.04,0.04
50,52,52,Francisco Conceição,pt POR,"FW,MF",FC Porto,por Liga Portugal,20-290,0.0,0.0,0.0,0.0,0.0,0.11,0.01,0.12,0.11,0.12
51,53,53,Jorge Eduardo Sánchez,mx MEX,DF,FC Porto,por Liga Portugal,25-294,,,,,,,,,,
52,54,54,Bernardo Folha,pt POR,MF,FC Porto,por Liga Portugal,21-191,,,,,,,,,,
53,55,55,Samuel Portugal,br BRA,GK,FC Porto,por Liga Portugal,29-185,,,,,,,,,,
54,56,56,Cláudio Ramos,pt POR,GK,FC Porto,por Liga Portugal,31-318,,,,,,,,,,
55,59,59,Walter Benítez,ar ARG,GK,PSV,ned Eredivisie,30-254,0.0,0.0,0.0,0.0,0.0,0.0,0.0,0.0,0.0,0.0
56,60,60,Joey Veerman,nl NED,MF,PSV,ned Eredivisie,24-315,0.04857142857142855,0.09714285714285716,0.1457142857142857,0.04857142857142855,0.1457142857142857,0.02,0.0757142857142857,0.09428571428571425,0.02,0.09428571428571425
57,61,61,Patrick van Aanholt,nl NED,DF,PSV,ned Eredivisie,33-032,0.0,0.0257142857142857,0.0257142857142857,0.0,0.0257142857142857,0.00857142857142855,0.03857142857142855,0.0457142857142857,0.00857142857142855,0.0457142857142857
58,62,62,André Ramalho,br BRA,DF,PSV,ned Eredivisie,31-226,0.0,0.0,0.0,0.0,0.0,0.0071428571428571,0.0,0.0071428571428571,0.0071428571428571,0.0071428571428571
59,63,63,Luuk de Jong,nl NED,FW,PSV,ned Eredivisie,33-034,0.16285714285714284,0.10857142857142855,0.2714285714285714,0.10857142857142855,0.21714285714285714,0.13,0.04857142857142855,0.17857142857142855,0.08714285714285715,0.1357142857142857
60,64,64,Noa Lang,nl NED,"FW,MF",PSV,ned Eredivisie,24-105,0.10857142857142855,0.0357142857142857,0.1442857142857143,0.10857142857142855,0.1442857142857143,0.08428571428571426,0.05428571428571425,0.13857142857142854,0.08428571428571426,0.13857142857142854
61,65,65,Olivier Boscagli,fr FRA,DF,PSV,ned Eredivisie,25-316,0.0,0.0,0.0,0.0,0.0,0.0,0.00285714285714285,0.00285714285714285,0.0,0.00285714285714285
62,66,66,Johan Bakayoko,be BEL,FW,PSV,ned Eredivisie,20-163,0.0,0.03857142857142855,0.03857142857142855,0.0,0.03857142857142855,0.0357142857142857,0.0557142857142857,0.0914285714285714,0.0357142857142857,0.0914285714285714
63,67,67,Ismael Saibari,ma MAR,"MF,FW",PSV,ned Eredivisie,22-245,0.03857142857142855,0.03857142857142855,0.07714285714285715,0.03857142857142855,0.07714285714285715,0.05714285714285715,0.0371428571428571,0.09428571428571425,0.05714285714285715,0.09428571428571425
64,68,68,Jerdy Schouten,nl NED,"MF,DF",PSV,ned Eredivisie,26-261,0.0,0.0,0.0,0.0,0.0,0.01285714285714285,0.0171428571428571,0.03,0.01285714285714285,0.03
65,69,69,Guus Til,nl NED,MF,PSV,ned Eredivisie,25-282,0.08428571428571426,0.0414285714285714,0.1257142857142857,0.08428571428571426,0.1257142857142857,0.09999999999999995,0.0471428571428571,0.14714285714285716,0.09999999999999995,0.14714285714285716
66,70,70,Jordan Teze,nl NED,DF,PSV,ned Eredivisie,24-000,0.0,0.0857142857142857,0.0857142857142857,0.0,0.0857142857142857,0.0014285714285714,0.02285714285714285,0.0257142857142857,0.0014285714285714,0.0257142857142857
67,71,71,Sergiño Dest,us USA,DF,PSV,ned Eredivisie,22-331,0.0,0.0,0.0,0.0,0.0,0.00428571428571425,0.02428571428571425,0.02857142857142855,0.00428571428571425,0.02857142857142855
68,72,72,Ibrahim Sangaré,ci CIV,MF,PSV,ned Eredivisie,25-302,0.0,0.0714285714285714,0.0714285714285714,0.0,0.0714285714285714,0.0071428571428571,0.03428571428571425,0.04285714285714285,0.0071428571428571,0.04285714285714285
69,73,73,Hirving Lozano,mx MEX,"FW,MF",PSV,ned Eredivisie,28-062,0.07428571428571425,0.0,0.07428571428571425,0.07428571428571425,0.07428571428571425,0.09714285714285716,0.0657142857142857,0.16285714285714284,0.09714285714285716,0.16285714285714284
70,74,74,Isaac Babadi,nl NED,MF,PSV,ned Eredivisie,18-177,0.0,0.0,0.0,0.0,0.0,0.0357142857142857,0.0,0.0357142857142857,0.0357142857142857,0.0357142857142857
71,75,75,Yorbe Vertessen,be BEL,FW,PSV,ned Eredivisie,22-265,0.1614285714285714,0.0814285714285714,0.24285714285714285,0.1614285714285714,0.24285714285714285,0.08714285714285715,0.0914285714285714,0.17857142857142855,0.08714285714285715,0.17857142857142855
72,76,76,Armel Bella Kotchap,de GER,DF,PSV,ned Eredivisie,21-293,0.0,0.0,0.0,0.0,0.0,0.13857142857142854,0.0,0.13857142857142854,0.13857142857142854,0.13857142857142854
73,77,77,Ricardo Pepi,us USA,"FW,MF",PSV,ned Eredivisie,20-264,0.3842857142857143,0.0,0.3842857142857143,0.19142857142857145,0.19142857142857145,0.39428571428571424,0.01857142857142855,0.41285714285714287,0.2571428571428572,0.2757142857142857
74,78,78,Shurandy Sambo,nl NED,DF,PSV,ned Eredivisie,22-042,0.0,0.0,0.0,0.0,0.0,0.0,0.00285714285714285,0.00285714285714285,0.0,0.00285714285714285
75,79,79,Malik Tillman,us USA,MF,PSV,ned Eredivisie,21-125,0.3057142857142857,0.0,0.3057142857142857,0.3057142857142857,0.3057142857142857,0.1357142857142857,0.00857142857142855,0.14285714285714285,0.1357142857142857,0.14285714285714285
76,80,80,Anwar El Ghazi,nl NED,FW,PSV,ned Eredivisie,28-150,0.0,0.0,0.0,0.0,0.0,0.42142857142857143,0.0,0.42142857142857143,0.42142857142857143,0.42142857142857143
77,81,81,Tygo Land,nl NED,MF,PSV,ned Eredivisie,17-262,0.0,0.0,0.0,0.0,0.0,0.0,0.0,0.0,0.0,0.0
78,82,82,Joel Drommel,nl NED,GK,PSV,ned Eredivisie,26-318,,,,,,,,,,
79,83,83,Phillipp Mwene,at AUT,"DF,MF",PSV,ned Eredivisie,29-244,,,,,,,,,,
80,84,84,Boy Waterman,nl NED,GK,PSV,ned Eredivisie,39-249,,,,,,,,,,
81,87,87,Matheus,br BRA,GK,SC Braga,por Liga Portugal,31-073,0.0,0.0,0.0,0.0,0.0,0.0,0.0,0.0,0.0,0.0
82,88,88,Victor Gomez,es ESP,DF,SC Braga,por Liga Portugal,23-182,0.0,0.0271428571428571,0.0271428571428571,0.0,0.0271428571428571,0.0,0.0271428571428571,0.0271428571428571,0.0,0.0271428571428571
83,89,89,Ricardo Horta,pt POR,"FW,MF",SC Braga,por Liga Portugal,29-015,0.1257142857142857,0.04999999999999995,0.1771428571428571,0.1257142857142857,0.1771428571428571,0.04857142857142855,0.04428571428571425,0.09428571428571425,0.04857142857142855,0.09428571428571425
84,90,90,Almoatasem Al Musrati,ly LBY,MF,SC Braga,por Liga Portugal,27-177,0.0557142857142857,0.0,0.0557142857142857,0.0271428571428571,0.0271428571428571,0.0314285714285714,0.00857142857142855,0.03857142857142855,0.00857142857142855,0.0171428571428571
85,91,91,Bruma,pt POR,FW,SC Braga,por Liga Portugal,28-341,0.03285714285714285,0.0,0.03285714285714285,0.03285714285714285,0.03285714285714285,0.03285714285714285,0.01,0.04285714285714285,0.03285714285714285,0.04285714285714285
86,92,92,Cristian Borja,co COL,DF,SC Braga,por Liga Portugal,30-224,0.0,0.0371428571428571,0.0371428571428571,0.0,0.0371428571428571,0.0014285714285714,0.0271428571428571,0.02857142857142855,0.0014285714285714,0.02857142857142855
87,93,93,José Fonte,pt POR,DF,SC Braga,por Liga Portugal,39-282,0.0,0.0,0.0,0.0,0.0,0.0,0.0,0.0,0.0,0.0
88,94,94,Álvaro djaló,es ESP,"FW,MF",SC Braga,por Liga Portugal,24-045,0.09428571428571425,0.09428571428571425,0.18714285714285714,0.09428571428571425,0.18714285714285714,0.07428571428571425,0.0471428571428571,0.1214285714285714,0.07428571428571425,0.1214285714285714
89,95,95,Simon Banza,fr FRA,FW,SC Braga,por Liga Portugal,27-048,0.15857142857142856,0.0314285714285714,0.19142857142857145,0.15857142857142856,0.19142857142857145,0.1314285714285714,0.01428571428571425,0.1457142857142857,0.1314285714285714,0.1457142857142857
90,96,96,Sikou Niakaté,ml MLI,DF,SC Braga,por Liga Portugal,24-082,0.0,0.0,0.0,0.0,0.0,0.0,0.0014285714285714,0.0014285714285714,0.0,0.0014285714285714
91,97,97,Vitor Carvalho,br BRA,MF,SC Braga,por Liga Portugal,26-126,0.0,0.0,0.0,0.0,0.0,0.00285714285714285,0.0,0.00428571428571425,0.00285714285714285,0.00428571428571425
92,98,98,Abel Ruiz,es ESP,"FW,MF",SC Braga,por Liga Portugal,23-245,0.0,0.0357142857142857,0.0357142857142857,0.0,0.0357142857142857,0.0357142857142857,0.0171428571428571,0.05285714285714285,0.0357142857142857,0.05285714285714285
93,99,99,Rodrigo Zalazar,uy URU,MF,SC Braga,por Liga Portugal,24-049,0.0,0.0,0.0,0.0,0.0,0.01285714285714285,0.05428571428571425,0.0671428571428571,0.01285714285714285,0.0671428571428571
94,100,100,Paulo Oliveira,pt POR,DF,SC Braga,por Liga Portugal,31-265,0.0,0.0471428571428571,0.0471428571428571,0.0,0.0471428571428571,0.0,0.00285714285714285,0.00285714285714285,0.0,0.00285714285714285
95,101,101,Serdar Saatçı,tr TUR,DF,SC Braga,por Liga Portugal,20-228,0.0,0.0,0.0,0.0,0.0,0.00285714285714285,0.0,0.00285714285714285,0.00285714285714285,0.00285714285714285
96,102,102,Pizzi,pt POR,"MF,FW",SC Braga,por Liga Portugal,33-359,0.05857142857142855,0.1157142857142857,0.1742857142857143,0.05857142857142855,0.1742857142857143,0.0557142857142857,0.07857142857142856,0.13428571428571426,0.0557142857142857,0.13428571428571426
97,103,103,André Horta,pt POR,MF,SC Braga,por Liga Portugal,26-327,0.0,0.0,0.0,0.0,0.0,0.0114285714285714,0.02285714285714285,0.03285714285714285,0.0114285714285714,0.03285714285714285
98,104,104,Adrián Marín,es ESP,DF,SC Braga,por Liga Portugal,26-264,0.0,0.0,0.0,0.0,0.0,0.0014285714285714,0.0171428571428571,0.01857142857142855,0.0014285714285714,0.01857142857142855
99,105,105,João Moutinho,pt POR,"MF,FW",SC Braga,por Liga Portugal,37-022,0.0,0.0,0.0,0.0,0.0,0.0014285714285714,0.02285714285714285,0.02428571428571425,0.0014285714285714,0.02428571428571425
100,106,106,Rony Lopes,pt POR,FW,SC Braga,por Liga Portugal,27-276,0.11857142857142855,0.0,0.11857142857142855,0.11857142857142855,0.11857142857142855,0.06857142857142855,0.01285714285714285,0.0814285714285714,0.06857142857142855,0.0814285714285714
101,107,107,Joe Mendes,se SWE,DF,SC Braga,por Liga Portugal,20-273,0.0,0.0,0.0,0.0,0.0,0.0,0.0,0.0,0.0,0.0
102,108,108,André Castro,pt POR,MF,SC Braga,por Liga Portugal,35-181,0.0,0.0,0.0,0.0,0.0,0.0171428571428571,0.0,0.0171428571428571,0.0171428571428571,0.0171428571428571
103,109,109,Roger Fernandes,gw GNB,DF,SC Braga,por Liga Portugal,17-313,0.0,0.0,0.0,0.0,0.0,0.0,0.04285714285714285,0.04285714285714285,0.0,0.04285714285714285
104,110,110,Diogo Fonseca,pt POR,DF,SC Braga,por Liga Portugal,21-173,,,,,,,,,,
105,111,111,Lukáš Horníček,cz CZE,GK,SC Braga,por Liga Portugal,21-079,,,,,,,,,,
106,112,112,Tiago Sá,pt POR,GK,SC Braga,por Liga Portugal,28-262,,,,,,,,,,
107,115,115,Dávid Hancko,sk SVK,DF,Feyenoord,ned Eredivisie,25-291,0.0,0.02428571428571425,0.02428571428571425,0.0,0.02428571428571425,0.0071428571428571,0.02285714285714285,0.03,0.0071428571428571,0.03
108,116,116,Lutsharel Geertruida,nl NED,DF,Feyenoord,ned Eredivisie,23-074,0.02428571428571425,0.0,0.02428571428571425,0.02428571428571425,0.02428571428571425,0.0214285714285714,0.01,0.03,0.0214285714285714,0.03
109,117,117,Mats Wieffer,nl NED,MF,Feyenoord,ned Eredivisie,23-318,0.04999999999999995,0.0,0.04999999999999995,0.04999999999999995,0.04999999999999995,0.01857142857142855,0.00428571428571425,0.02285714285714285,0.01857142857142855,0.02285714285714285
110,118,118,Quinten Timber,nl NED,MF,Feyenoord,ned Eredivisie,22-105,0.0257142857142857,0.07857142857142856,0.10428571428571425,0.0257142857142857,0.10428571428571425,0.05285714285714285,0.05857142857142855,0.1114285714285714,0.05285714285714285,0.1114285714285714
111,119,119,Quilindschy Hartman,nl NED,DF,Feyenoord,ned Eredivisie,21-320,0.0,0.05285714285714285,0.05285714285714285,0.0,0.05285714285714285,0.0014285714285714,0.04,0.0414285714285714,0.0014285714285714,0.0414285714285714
112,120,120,Calvin Stengs,nl NED,"MF,FW",Feyenoord,ned Eredivisie,24-286,0.0271428571428571,0.1071428571428571,0.13428571428571426,0.0271428571428571,0.13428571428571426,0.0271428571428571,0.08285714285714285,0.11,0.0271428571428571,0.11
113,121,121,Santiago Giménez,mx MEX,FW,Feyenoord,ned Eredivisie,22-165,0.24428571428571424,0.05428571428571425,0.29857142857142854,0.21714285714285714,0.2714285714285714,0.17285714285714285,0.0257142857142857,0.19857142857142854,0.15142857142857144,0.1771428571428571
114,122,122,Igor Paixão,br BRA,"FW,MF",Feyenoord,ned Eredivisie,23-094,0.0857142857142857,0.05714285714285715,0.1442857142857143,0.0857142857142857,0.1442857142857143,0.05857142857142855,0.03285714285714285,0.0914285714285714,0.05857142857142855,0.0914285714285714
115,123,123,Timon Wellenreuther,de GER,GK,Feyenoord,ned Eredivisie,27-301,0.0,0.0,0.0,0.0,0.0,0.0,0.0,0.0,0.0,0.0
116,124,124,Gernot Trauner,at AUT,DF,Feyenoord,ned Eredivisie,31-189,0.0,0.0357142857142857,0.0357142857142857,0.0,0.0357142857142857,0.0071428571428571,0.0214285714285714,0.02857142857142855,0.0071428571428571,0.02857142857142855
117,125,125,Yankuba Minteh,gm GAM,"FW,DF",Feyenoord,ned Eredivisie,19-070,0.12,0.06,0.18,0.12,0.18,0.10857142857142855,0.01,0.1171428571428571,0.10857142857142855,0.1171428571428571
118,126,126,Luka Ivanušec,hr CRO,FW,Feyenoord,ned Eredivisie,24-308,0.08,0.08,0.1614285714285714,0.08,0.1614285714285714,0.02,0.06,0.0814285714285714,0.02,0.0814285714285714
119,127,127,Thomas Beelen,nl NED,DF,Feyenoord,ned Eredivisie,22-111,0.0,0.0,0.0,0.0,0.0,0.0,0.00857142857142855,0.00857142857142855,0.0,0.00857142857142855
120,128,128,Ramiz Zerrouki,dz ALG,MF,Feyenoord,ned Eredivisie,25-127,0.0,0.0,0.0,0.0,0.0,0.01285714285714285,0.01,0.02285714285714285,0.01285714285714285,0.02285714285714285
121,129,129,Justin Bijlow,nl NED,GK,Feyenoord,ned Eredivisie,25-251,0.0,0.0,0.0,0.0,0.0,0.0,0.0,0.0,0.0,0.0
122,130,130,Alireza Jahanbakhsh,ir IRN,"FW,MF",Feyenoord,ned Eredivisie,30-050,0.0,0.0,0.0,0.0,0.0,0.05285714285714285,0.03,0.0814285714285714,0.05285714285714285,0.0814285714285714
123,131,131,Bart Nieuwkoop,nl NED,DF,Feyenoord,ned Eredivisie,27-207,0.0,0.0,0.0,0.0,0.0,0.0,0.1114285714285714,0.1114285714285714,0.0,0.1114285714285714
124,132,132,Ayase Ueda,jp JPN,"FW,MF",Feyenoord,ned Eredivisie,25-020,0.12285714285714285,0.0,0.12285714285714285,0.12285714285714285,0.12285714285714285,0.19857142857142854,0.0171428571428571,0.21428571428571425,0.19857142857142854,0.21428571428571425
125,133,133,Leo Sauer,sk SVK,FW,Feyenoord,ned Eredivisie,17-288,0.13714285714285715,0.0,0.13714285714285715,0.13714285714285715,0.13714285714285715,0.0514285714285714,0.0071428571428571,0.05857142857142855,0.0514285714285714,0.05857142857142855
126,134,134,Ondřej Lingr,cz CZE,"FW,MF",Feyenoord,ned Eredivisie,24-358,0.4428571428571429,0.4428571428571429,0.8871428571428571,0.4428571428571429,0.8871428571428571,0.0271428571428571,0.4414285714285714,0.4685714285714285,0.0271428571428571,0.4685714285714285
127,135,135,Gjivai Zechiël,nl NED,"DF,MF",Feyenoord,ned Eredivisie,19-121,0.0,0.0,0.0,0.0,0.0,0.0414285714285714,0.0,0.0414285714285714,0.0414285714285714,0.0414285714285714
128,136,136,Thomas van den Belt,nl NED,MF,Feyenoord,ned Eredivisie,22-104,0.0,0.0,0.0,0.0,0.0,0.0,0.0,0.0,0.0,0.0
129,137,137,Javairô Dilrosun,nl NED,MF,Feyenoord,ned Eredivisie,25-100,0.0,0.0,0.0,0.0,0.0,0.0,0.0,0.0,0.0,0.0
130,138,138,Mannou Berger,nl NED,GK,Feyenoord,ned Eredivisie,18-350,,,,,,,,,,
131,139,139,Ramon Hendriks,nl NED,DF,Feyenoord,ned Eredivisie,22-074,,,,,,,,,,
132,140,140,Neraysho Kasanwirjo,nl NED,DF,Feyenoord,ned Eredivisie,21-224,,,,,,,,,,
133,141,141,Kostas Lamprou,gr GRE,GK,Feyenoord,ned Eredivisie,32-012,,,,,,,,,,
134,142,142,Marcos López,pe PER,DF,Feyenoord,ned Eredivisie,23-314,,,,,,,,,,
135,143,143,Marcus Pedersen,no NOR,DF,Feyenoord,ned Eredivisie,23-076,,,,,,,,,,
136,144,144,Mikki van Sas,nl NED,GK,Feyenoord,ned Eredivisie,19-213,,,,,,,,,,
137,147,147,Jelle Bataille,be BEL,DF,Royal Antwerp FC,bel Belgian Pro League,24-133,0.0171428571428571,0.0,0.0171428571428571,0.0171428571428571,0.0171428571428571,0.0114285714285714,0.0257142857142857,0.0371428571428571,0.0114285714285714,0.0371428571428571
138,148,148,Jean Butez,fr FRA,GK,Royal Antwerp FC,bel Belgian Pro League,28-114,0.0,0.0,0.0,0.0,0.0,0.0,0.01285714285714285,0.01285714285714285,0.0,0.01285714285714285
139,149,149,Arthur Vermeeren,be BEL,MF,Royal Antwerp FC,bel Belgian Pro League,18-235,0.0,0.01857142857142855,0.01857142857142855,0.0,0.01857142857142855,0.0014285714285714,0.01285714285714285,0.01428571428571425,0.0014285714285714,0.01428571428571425
140,150,150,Michel-Ange Balikwisha,be BEL,"FW,MF",Royal Antwerp FC,bel Belgian Pro League,22-143,0.0,0.0371428571428571,0.0371428571428571,0.0,0.0371428571428571,0.0171428571428571,0.02285714285714285,0.04,0.0171428571428571,0.04
141,151,151,Vincent Janssen,nl NED,FW,Royal Antwerp FC,bel Belgian Pro League,29-107,0.09999999999999995,0.0,0.09999999999999995,0.09999999999999995,0.09999999999999995,0.08,0.0157142857142857,0.09428571428571425,0.04857142857142855,0.06285714285714285
142,152,152,Toby Alderweireld,be BEL,DF,Royal Antwerp FC,bel Belgian Pro League,34-212,0.0,0.0,0.0,0.0,0.0,0.01857142857142855,0.01428571428571425,0.03285714285714285,0.0171428571428571,0.0314285714285714
143,153,153,Jurgen Ekkelenkamp,nl NED,MF,Royal Antwerp FC,bel Belgian Pro League,23-178,0.02857142857142855,0.0,0.02857142857142855,0.02857142857142855,0.02857142857142855,0.03,0.02285714285714285,0.05428571428571425,0.03,0.05428571428571425
144,154,154,Ritchie De Laet,be BEL,DF,Royal Antwerp FC,bel Belgian Pro League,34-306,0.0,0.02857142857142855,0.02857142857142855,0.0,0.02857142857142855,0.00428571428571425,0.00285714285714285,0.0071428571428571,0.00428571428571425,0.0071428571428571
145,155,155,Gyrano Kerk,nl NED,"FW,MF",Royal Antwerp FC,bel Belgian Pro League,27-302,0.03285714285714285,0.0,0.03285714285714285,0.03285714285714285,0.03285714285714285,0.03285714285714285,0.00428571428571425,0.0371428571428571,0.03285714285714285,0.0371428571428571
146,156,156,Soumaïla Coulibaly,fr FRA,DF,Royal Antwerp FC,bel Belgian Pro League,19-351,0.0,0.0,0.0,0.0,0.0,0.0114285714285714,0.0,0.0114285714285714,0.0114285714285714,0.0114285714285714
147,157,157,Jacob Ondrejka,se SWE,"FW,MF",Royal Antwerp FC,bel Belgian Pro League,21-028,0.0,0.0471428571428571,0.0471428571428571,0.0,0.0471428571428571,0.0357142857142857,0.05714285714285715,0.09285714285714285,0.0357142857142857,0.09285714285714285
148,158,158,Arbnor Muja,al ALB,"FW,MF",Royal Antwerp FC,bel Belgian Pro League,24-305,0.0757142857142857,0.0371428571428571,0.11285714285714285,0.0757142857142857,0.11285714285714285,0.03857142857142855,0.01428571428571425,0.05285714285714285,0.03857142857142855,0.05285714285714285
149,159,159,Mandela Keita,be BEL,MF,Royal Antwerp FC,bel Belgian Pro League,21-143,0.0,0.04,0.04,0.0,0.04,0.00428571428571425,0.0114285714285714,0.0157142857142857,0.00428571428571425,0.0157142857142857
150,160,160,Zeno Van den Bosch,be BEL,DF,Royal Antwerp FC,bel Belgian Pro League,20-086,0.0,0.04428571428571425,0.04428571428571425,0.0,0.04428571428571425,0.0,0.0114285714285714,0.0114285714285714,0.0,0.0114285714285714
151,161,161,Alhassan Yusuf,ng NGA,"MF,DF",Royal Antwerp FC,bel Belgian Pro League,23-074,0.0,0.0,0.0,0.0,0.0,0.0,0.01285714285714285,0.01428571428571425,0.0,0.01428571428571425
152,162,162,Owen Wijndal,nl NED,DF,Royal Antwerp FC,bel Belgian Pro League,23-306,0.0,0.0,0.0,0.0,0.0,0.00285714285714285,0.01,0.01285714285714285,0.00285714285714285,0.01285714285714285
153,163,163,Gastón Ávila,ar ARG,DF,Royal Antwerp FC,bel Belgian Pro League,22-000,0.0,0.0714285714285714,0.0714285714285714,0.0,0.0714285714285714,0.00428571428571425,0.01285714285714285,0.01857142857142855,0.00428571428571425,0.01857142857142855
154,164,164,Anthony Valencia,ec ECU,FW,Royal Antwerp FC,bel Belgian Pro League,20-071,0.0,0.0,0.0,0.0,0.0,0.0114285714285714,0.0214285714285714,0.03285714285714285,0.0114285714285714,0.03285714285714285
155,165,165,Sam Vines,us USA,DF,Royal Antwerp FC,bel Belgian Pro League,24-122,0.2257142857142857,0.0,0.2257142857142857,0.2257142857142857,0.2257142857142857,0.0214285714285714,0.0057142857142857,0.0271428571428571,0.0214285714285714,0.0271428571428571
156,166,166,George Ilenikhena,fr FRA,FW,Royal Antwerp FC,bel Belgian Pro League,17-045,0.0,0.0,0.0,0.0,0.0,0.09857142857142855,0.0157142857142857,0.1142857142857143,0.09857142857142855,0.1142857142857143
157,167,167,Chidera Ejuke,ng NGA,"FW,MF",Royal Antwerp FC,bel Belgian Pro League,25-271,0.0,0.0,0.0,0.0,0.0,0.06857142857142855,0.0,0.06857142857142855,0.06857142857142855,0.06857142857142855
158,168,168,Christopher Scott,de GER,MF,Royal Antwerp FC,bel Belgian Pro League,21-115,0.0,0.0,0.0,0.0,0.0,0.0414285714285714,0.0,0.0414285714285714,0.0414285714285714,0.0414285714285714
159,169,169,Niels Devalckeneer,be BEL,GK,Royal Antwerp FC,bel Belgian Pro League,19-136,,,,,,,,,,
160,170,170,Laurit Krasniqi,xk KVX,DF,Royal Antwerp FC,bel Belgian Pro League,22-078,,,,,,,,,,
161,171,171,Senne Lammens,be BEL,GK,Royal Antwerp FC,bel Belgian Pro League,21-085,,,,,,,,,,
162,174,174,Abdülkerim Bardakcı,tr TUR,DF,Galatasaray,tur Super Lig,29-023,0.02428571428571425,0.0,0.02428571428571425,0.02428571428571425,0.02428571428571425,0.02428571428571425,0.0,0.02428571428571425,0.02428571428571425,0.02428571428571425
163,175,175,Sacha Boey,fr FRA,DF,Galatasaray,tur Super Lig,23-017,0.0,0.0,0.0,0.0,0.0,0.0,0.0,0.0,0.0,0.0
164,176,176,Fernando Muslera,uy URU,GK,Galatasaray,tur Super Lig,37-106,0.0,0.0,0.0,0.0,0.0,0.0,0.0,0.0,0.0,0.0
165,177,177,Mauro Icardi,ar ARG,FW,Galatasaray,tur Super Lig,30-223,0.19,0.0,0.19,0.1357142857142857,0.1357142857142857,0.19,0.0,0.19,0.1357142857142857,0.1357142857142857
166,178,178,Kerem Aktürkoğlu,tr TUR,MF,Galatasaray,tur Super Lig,24-344,0.08285714285714285,0.11,0.19285714285714284,0.08285714285714285,0.19285714285714284,0.08285714285714285,0.11,0.19285714285714284,0.08285714285714285,0.19285714285714284
167,179,179,Lucas Torreira,uy URU,MF,Galatasaray,tur Super Lig,27-231,0.0,0.0,0.0,0.0,0.0,0.0,0.0,0.0,0.0,0.0
168,180,180,Dries Mertens,be BEL,MF,Galatasaray,tur Super Lig,36-147,0.0,0.0371428571428571,0.0371428571428571,0.0,0.0371428571428571,0.0,0.0371428571428571,0.0371428571428571,0.0,0.0371428571428571
169,181,181,Angeliño,es ESP,DF,Galatasaray,tur Super Lig,26-269,0.0,0.0,0.0,0.0,0.0,0.0,0.0,0.0,0.0,0.0
170,182,182,Victor Nelsson,dk DEN,DF,Galatasaray,tur Super Lig,24-351,0.0,0.0,0.0,0.0,0.0,0.0,0.0,0.0,0.0,0.0
171,183,183,Tetê,br BRA,MF,Galatasaray,tur Super Lig,23-227,0.0,0.04857142857142855,0.04857142857142855,0.0,0.04857142857142855,0.0,0.04857142857142855,0.04857142857142855,0.0,0.04857142857142855
172,184,184,Kerem Demirbay,de GER,MF,Galatasaray,tur Super Lig,30-089,0.0,0.0,0.0,0.0,0.0,0.0,0.0,0.0,0.0,0.0
173,185,185,Barış Alper Yılmaz,tr TUR,MF,Galatasaray,tur Super Lig,23-130,0.0,0.0,0.0,0.0,0.0,0.0,0.0,0.0,0.0,0.0
174,186,186,Sérgio Oliveira,pt POR,MF,Galatasaray,tur Super Lig,31-120,0.0,0.0,0.0,0.0,0.0,0.0,0.0,0.0,0.0,0.0
175,187,187,Kaan Ayhan,tr TUR,DF,Galatasaray,tur Super Lig,28-324,0.0,0.0757142857142857,0.0757142857142857,0.0,0.0757142857142857,0.0,0.0757142857142857,0.0757142857142857,0.0,0.0757142857142857
176,188,188,Hakim Ziyech,ma MAR,MF,Galatasaray,tur Super Lig,30-195,0.1171428571428571,0.1171428571428571,0.23428571428571426,0.1171428571428571,0.23428571428571426,0.1171428571428571,0.1171428571428571,0.23428571428571426,0.1171428571428571,0.23428571428571426
177,189,189,Berkan Kutlu,tr TUR,MF,Galatasaray,tur Super Lig,25-248,0.0,0.0,0.0,0.0,0.0,0.0,0.0,0.0,0.0,0.0
178,190,190,Davinson Sánchez,co COL,DF,Galatasaray,tur Super Lig,27-110,0.0,0.0,0.0,0.0,0.0,0.0,0.0,0.0,0.0,0.0
179,191,191,Cédric Bakambu,cd COD,FW,Galatasaray,tur Super Lig,32-172,0.0,0.0,0.0,0.0,0.0,0.0,0.0,0.0,0.0,0.0
180,192,192,Leo Dubois,fr FRA,DF,Galatasaray,tur Super Lig,29-016,0.0,0.0,0.0,0.0,0.0,0.0,0.0,0.0,0.0,0.0
181,193,193,Kazımcan Karataş,tr TUR,DF,Galatasaray,tur Super Lig,20-257,0.0,0.0,0.0,0.0,0.0,0.0,0.0,0.0,0.0,0.0
182,194,194,Wilfried Zaha,ci CIV,"FW,MF",Galatasaray,tur Super Lig,30-324,0.0,0.0,0.0,0.0,0.0,0.0,0.0,0.0,0.0,0.0
183,195,195,Yunus Akgün,tr TUR,MF,Galatasaray,tur Super Lig,23-085,0.0,0.0,0.0,0.0,0.0,0.0,0.0,0.0,0.0,0.0
184,196,196,Tanguy Ndombele,fr FRA,MF,Galatasaray,tur Super Lig,26-276,0.0,0.0,0.0,0.0,0.0,0.0,0.0,0.0,0.0,0.0
185,197,197,Halil Dervişoğlu,tr TUR,FW,Galatasaray,tur Super Lig,23-296,0.0,0.0,0.0,0.0,0.0,0.0,0.0,0.0,0.0,0.0
186,198,198,Hamza Akman,tr TUR,MF,Galatasaray,tur Super Lig,19-003,,,,,,,,,,
187,199,199,Özgur Baran Aksaka,,MF,Galatasaray,tur Super Lig,20-244,,,,,,,,,,
188,200,200,Emin Bayram,tr TUR,DF,Galatasaray,tur Super Lig,20-181,,,,,,,,,,
189,201,201,Günay Güvenç,,GK,Galatasaray,tur Super Lig,32-097,,,,,,,,,,
190,202,202,Fredrik Midtsjø,no NOR,MF,Galatasaray,tur Super Lig,30-050,,,,,,,,,,
191,203,203,Ali Turap Bülbül,tr TUR,DF,Galatasaray,tur Super Lig,18-248,,,,,,,,,,
192,204,204,Ali Yeşilyurt,tr TUR,DF,Galatasaray,tur Super Lig,18-062,,,,,,,,,,
193,207,207,Kevin Diks,nl NED,DF,FC Copenhagen,den Superliga,26-359,0.0171428571428571,0.0171428571428571,0.03428571428571425,0.0171428571428571,0.03428571428571425,0.0171428571428571,0.0171428571428571,0.03428571428571425,0.0171428571428571,0.03428571428571425
194,208,208,Kamil Grabara,pl POL,GK,FC Copenhagen,den Superliga,24-265,0.0,0.0,0.0,0.0,0.0,0.0,0.0,0.0,0.0,0.0
195,209,209,Diogo Gonçalves,pt POR,"MF,FW",FC Copenhagen,den Superliga,26-236,0.10285714285714286,0.0414285714285714,0.1442857142857143,0.0414285714285714,0.08285714285714285,0.10285714285714286,0.0414285714285714,0.1442857142857143,0.0414285714285714,0.08285714285714285
196,210,210,Denis Vavro,sk SVK,DF,FC Copenhagen,den Superliga,27-173,0.02,0.0,0.02,0.02,0.02,0.02,0.0,0.02,0.02,0.02
197,211,211,Elias Jelert,dk DEN,DF,FC Copenhagen,den Superliga,20-110,0.0,0.02,0.02,0.0,0.02,0.0,0.02,0.02,0.0,0.02
198,212,212,Roony Bardghji,se SWE,FW,FC Copenhagen,den Superliga,17-319,0.15857142857142856,0.0,0.15857142857142856,0.15857142857142856,0.15857142857142856,0.15857142857142856,0.0,0.15857142857142856,0.15857142857142856,0.15857142857142856
199,213,213,Rasmus Falk,dk DEN,MF,FC Copenhagen,den Superliga,31-258,0.0,0.04285714285714285,0.04285714285714285,0.0,0.04285714285714285,0.0,0.04285714285714285,0.04285714285714285,0.0,0.04285714285714285
200,214,214,William Clem,dk DEN,MF,FC Copenhagen,den Superliga,19-102,0.0,0.0,0.0,0.0,0.0,0.0,0.0,0.0,0.0,0.0
201,215,215,Elias Achouri,tn TUN,FW,FC Copenhagen,den Superliga,24-232,0.0257142857142857,0.13,0.15714285714285714,0.0257142857142857,0.15714285714285714,0.0257142857142857,0.13,0.15714285714285714,0.0257142857142857,0.15714285714285714
202,216,216,Orri Steinn Óskarsson,is ISL,FW,FC Copenhagen,den Superliga,19-032,0.05285714285714285,0.0271428571428571,0.08,0.05285714285714285,0.08,0.05285714285714285,0.0271428571428571,0.08,0.05285714285714285,0.08
203,217,217,Birger Meling,no NOR,DF,FC Copenhagen,den Superliga,28-287,0.0,0.0,0.0,0.0,0.0,0.0,0.0,0.0,0.0,0.0
204,218,218,Jordan Larsson,se SWE,FW,FC Copenhagen,den Superliga,26-102,0.03428571428571425,0.0,0.03428571428571425,0.03428571428571425,0.03428571428571425,0.03428571428571425,0.0,0.03428571428571425,0.03428571428571425,0.03428571428571425
205,219,219,Mohamed Elyounoussi,no NOR,"FW,MF",FC Copenhagen,den Superliga,29-057,0.0714285714285714,0.0357142857142857,0.10857142857142855,0.0714285714285714,0.10857142857142855,0.0714285714285714,0.0357142857142857,0.10857142857142855,0.0714285714285714,0.10857142857142855
206,220,220,Lukas Lerager,dk DEN,MF,FC Copenhagen,den Superliga,30-080,0.03857142857142855,0.0,0.03857142857142855,0.03857142857142855,0.03857142857142855,0.03857142857142855,0.0,0.03857142857142855,0.03857142857142855,0.03857142857142855
207,221,221,Christian Sørensen,dk DEN,DF,FC Copenhagen,den Superliga,31-055,0.0,0.17285714285714285,0.17285714285714285,0.0,0.17285714285714285,0.0,0.17285714285714285,0.17285714285714285,0.0,0.17285714285714285
208,222,222,Valdemar Jensen,dk DEN,DF,FC Copenhagen,den Superliga,20-125,0.04428571428571425,0.0,0.04428571428571425,0.04428571428571425,0.04428571428571425,0.04428571428571425,0.0,0.04428571428571425,0.04428571428571425,0.04428571428571425
209,223,223,Viktor Claesson,se SWE,MF,FC Copenhagen,den Superliga,31-271,0.0,0.0,0.0,0.0,0.0,0.0,0.0,0.0,0.0,0.0
210,224,224,Peter Ankersen,dk DEN,DF,FC Copenhagen,den Superliga,33-008,0.0,0.0,0.0,0.0,0.0,0.0,0.0,0.0,0.0,0.0
211,225,225,Oscar Højlund,dk DEN,MF,FC Copenhagen,den Superliga,18-269,0.0,0.07428571428571425,0.07428571428571425,0.0,0.07428571428571425,0.0,0.07428571428571425,0.07428571428571425,0.0,0.07428571428571425
212,226,226,Nicolai Boilesen,dk DEN,DF,FC Copenhagen,den Superliga,31-226,0.0,0.0,0.0,0.0,0.0,0.0,0.0,0.0,0.0,0.0
213,227,227,Andreas Cornelius,dk DEN,FW,FC Copenhagen,den Superliga,30-198,0.0,0.0,0.0,0.0,0.0,0.0,0.0,0.0,0.0,0.0
214,228,228,Theo Sander,dk DEN,GK,FC Copenhagen,den Superliga,18-265,0.0,0.0,0.0,0.0,0.0,0.0,0.0,0.0,0.0,0.0
215,229,229,Ísak Jóhannesson,is ISL,MF,FC Copenhagen,den Superliga,20-191,0.0,0.0,0.0,0.0,0.0,0.0,0.0,0.0,0.0,0.0
216,230,230,Emil Højlund,dk DEN,FW,FC Copenhagen,den Superliga,18-269,0.0,0.0,0.0,0.0,0.0,0.0,0.0,0.0,0.0,0.0
217,231,231,Andreas Dithmer,dk DEN,GK,FC Copenhagen,den Superliga,18-060,,,,,,,,,,
218,232,232,Mamoudou Karamoko,fr FRA,MF,FC Copenhagen,den Superliga,24-022,,,,,,,,,,
219,233,233,Paul Mukairu,ng NGA,MF,FC Copenhagen,den Superliga,23-255,,,,,,,,,,
220,236,236,Amar Dedić,ba BIH,DF,RB Salzburg,aus Austrian Bundesliga,21-043,0.0357142857142857,0.0357142857142857,0.0714285714285714,0.0357142857142857,0.0714285714285714,0.0357142857142857,0.0357142857142857,0.0714285714285714,0.0357142857142857,0.0714285714285714
221,237,237,Lucas Gourna-Douath,fr FRA,MF,RB Salzburg,aus Austrian Bundesliga,20-056,0.0,0.01857142857142855,0.01857142857142855,0.0,0.01857142857142855,0.0,0.01857142857142855,0.01857142857142855,0.0,0.01857142857142855
222,238,238,Alexander Schlager,at AUT,GK,RB Salzburg,aus Austrian Bundesliga,27-241,0.0,0.0,0.0,0.0,0.0,0.0,0.0,0.0,0.0,0.0
223,239,239,Maurits Kjærgaard,dk DEN,"MF,DF",RB Salzburg,aus Austrian Bundesliga,20-096,0.0,0.0657142857142857,0.0657142857142857,0.0,0.0657142857142857,0.0,0.0657142857142857,0.0657142857142857,0.0,0.0657142857142857
224,240,240,Thio Ntolla,ci CIV,FW,RB Salzburg,aus Austrian Bundesliga,24-091,0.09428571428571425,0.02285714285714285,0.1171428571428571,0.09428571428571425,0.1171428571428571,0.09428571428571425,0.02285714285714285,0.1171428571428571,0.09428571428571425,0.1171428571428571
225,241,241,Mads Bidstrup,dk DEN,MF,RB Salzburg,aus Austrian Bundesliga,22-217,0.0,0.02285714285714285,0.02285714285714285,0.0,0.02285714285714285,0.0,0.02285714285714285,0.02285714285714285,0.0,0.02285714285714285
226,242,242,Strahinja Pavlović,rs SRB,DF,RB Salzburg,aus Austrian Bundesliga,22-129,0.02428571428571425,0.0471428571428571,0.0714285714285714,0.02428571428571425,0.0714285714285714,0.02428571428571425,0.0471428571428571,0.0714285714285714,0.02428571428571425,0.0714285714285714
227,243,243,Roko Simic,hr CRO,FW,RB Salzburg,aus Austrian Bundesliga,20-020,0.0642857142857143,0.0,0.0642857142857143,0.0642857142857143,0.0642857142857143,0.0642857142857143,0.0,0.0642857142857143,0.0642857142857143,0.0642857142857143
228,244,244,Forson Amankwah,gh GHA,"MF,FW",RB Salzburg,aus Austrian Bundesliga,20-273,0.03285714285714285,0.0,0.03285714285714285,0.03285714285714285,0.03285714285714285,0.03285714285714285,0.0,0.03285714285714285,0.03285714285714285,0.03285714285714285
229,245,245,Samson Baidoo,at AUT,DF,RB Salzburg,aus Austrian Bundesliga,19-183,0.0557142857142857,0.0,0.0557142857142857,0.0557142857142857,0.0557142857142857,0.0557142857142857,0.0,0.0557142857142857,0.0557142857142857,0.0557142857142857
230,246,246,Oscar Gloukh,il ISR,FW,RB Salzburg,aus Austrian Bundesliga,19-182,0.03857142857142855,0.03857142857142855,0.0757142857142857,0.03857142857142855,0.0757142857142857,0.03857142857142855,0.03857142857142855,0.0757142857142857,0.03857142857142855,0.0757142857142857
231,247,247,Oumar Solet,fr FRA,DF,RB Salzburg,aus Austrian Bundesliga,23-235,0.0,0.04285714285714285,0.04285714285714285,0.0,0.04285714285714285,0.0,0.04285714285714285,0.04285714285714285,0.0,0.04285714285714285
232,248,248,Nene Dorgeles,ml MLI,FW,RB Salzburg,aus Austrian Bundesliga,20-281,0.0414285714285714,0.0414285714285714,0.08285714285714285,0.0414285714285714,0.08285714285714285,0.0414285714285714,0.0414285714285714,0.08285714285714285,0.0414285714285714,0.08285714285714285
233,249,249,Aleksa Terzić,rs SRB,DF,RB Salzburg,aus Austrian Bundesliga,24-044,0.0,0.0,0.0,0.0,0.0,0.0,0.0,0.0,0.0,0.0
234,250,250,Andreas Ulmer,at AUT,DF,RB Salzburg,aus Austrian Bundesliga,37-335,0.0,0.0,0.0,0.0,0.0,0.0,0.0,0.0,0.0,0.0
235,251,251,Kamil Piątkowski,pl POL,DF,RB Salzburg,aus Austrian Bundesliga,23-101,0.0,0.0,0.0,0.0,0.0,0.0,0.0,0.0,0.0,0.0
236,252,252,Dijon Kameri,at AUT,MF,RB Salzburg,aus Austrian Bundesliga,19-163,0.0,0.0,0.0,0.0,0.0,0.0,0.0,0.0,0.0,0.0
237,253,253,Sekou Koita,ml MLI,FW,RB Salzburg,aus Austrian Bundesliga,23-306,0.21714285714285714,0.0,0.21714285714285714,0.1442857142857143,0.1442857142857143,0.21714285714285714,0.0,0.21714285714285714,0.1442857142857143,0.1442857142857143
238,254,254,Petar Ratkov,rs SRB,FW,RB Salzburg,aus Austrian Bundesliga,20-043,0.1314285714285714,0.0,0.1314285714285714,0.1314285714285714,0.1314285714285714,0.1314285714285714,0.0,0.1314285714285714,0.1314285714285714,0.1314285714285714
239,255,255,Nico Mantl,de GER,GK,RB Salzburg,aus Austrian Bundesliga,23-236,0.0,0.0,0.0,0.0,0.0,0.0,0.0,0.0,0.0,0.0
240,256,256,Luka Sučić,hr CRO,FW,RB Salzburg,aus Austrian Bundesliga,21-022,0.0,0.0,0.0,0.0,0.0,0.0,0.0,0.0,0.0,0.0
241,257,257,Leandro Morgalla,de GER,DF,RB Salzburg,aus Austrian Bundesliga,19-017,0.0,0.0,0.0,0.0,0.0,0.0,0.0,0.0,0.0,0.0
242,258,258,Fernando,br BRA,FW,RB Salzburg,aus Austrian Bundesliga,24-213,0.0,0.27285714285714285,0.27285714285714285,0.0,0.27285714285714285,0.0,0.27285714285714285,0.27285714285714285,0.0,0.27285714285714285
243,259,259,Nicolás Capaldo,ar ARG,MF,RB Salzburg,aus Austrian Bundesliga,26-016,0.0,0.0,0.0,0.0,0.0,0.0,0.0,0.0,0.0,0.0
244,260,260,Jonas Krumrey,de GER,GK,RB Salzburg,aus Austrian Bundesliga,19-309,,,,,,,,,,
245,261,261,Douglas Mendes,br BRA,DF,RB Salzburg,aus Austrian Bundesliga,19-109,,,,,,,,,,
246,262,262,Samson Tijani,ng NGA,MF,RB Salzburg,aus Austrian Bundesliga,21-136,,,,,,,,,,
247,263,263,Lukas Wallner,at AUT,DF,RB Salzburg,aus Austrian Bundesliga,20-157,,,,,,,,,,
248,266,266,Callum McGregor,sct SCO,MF,Celtic,sct Scottish Premiership,30-108,0.0,0.02428571428571425,0.02428571428571425,0.0,0.02428571428571425,0.0,0.02428571428571425,0.02428571428571425,0.0,0.02428571428571425
249,267,267,Matt O'Riley,dk DEN,MF,Celtic,sct Scottish Premiership,22-313,0.09999999999999995,0.04999999999999995,0.15,0.09999999999999995,0.15,0.09999999999999995,0.04999999999999995,0.15,0.09999999999999995,0.15
250,268,268,Daizen Maeda,jp JPN,FW,Celtic,sct Scottish Premiership,25-345,0.0257142857142857,0.0257142857142857,0.04999999999999995,0.0257142857142857,0.04999999999999995,0.0257142857142857,0.0257142857142857,0.04999999999999995,0.0257142857142857,0.04999999999999995
251,269,269,Greg Taylor,sct SCO,DF,Celtic,sct Scottish Premiership,25-329,0.0,0.0,0.0,0.0,0.0,0.0,0.0,0.0,0.0,0.0
252,270,270,Joe Hart,eng ENG,GK,Celtic,sct Scottish Premiership,36-164,0.0,0.0,0.0,0.0,0.0,0.0,0.0,0.0,0.0,0.0
253,271,271,Kyogo Furuhashi,jp JPN,FW,Celtic,sct Scottish Premiership,28-253,0.11,0.0557142857142857,0.1657142857142857,0.11,0.1657142857142857,0.11,0.0557142857142857,0.1657142857142857,0.11,0.1657142857142857
254,272,272,David Turnbull,sct SCO,MF,Celtic,sct Scottish Premiership,24-082,0.1314285714285714,0.0,0.1314285714285714,0.04428571428571425,0.04428571428571425,0.1314285714285714,0.0,0.1314285714285714,0.04428571428571425,0.04428571428571425
255,273,273,Liam Scales,ie IRL,DF,Celtic,sct Scottish Premiership,25-053,0.0,0.0,0.0,0.0,0.0,0.0,0.0,0.0,0.0,0.0
256,274,274,Alistair Johnston,ca CAN,DF,Celtic,sct Scottish Premiership,24-357,0.0,0.0,0.0,0.0,0.0,0.0,0.0,0.0,0.0,0.0
257,275,275,Gustaf Lagerbielke,se SWE,DF,Celtic,sct Scottish Premiership,23-173,0.0,0.0,0.0,0.0,0.0,0.0,0.0,0.0,0.0,0.0
258,276,276,Liel Abada,il ISR,FW,Celtic,sct Scottish Premiership,21-362,0.05285714285714285,0.05285714285714285,0.1057142857142857,0.05285714285714285,0.1057142857142857,0.05285714285714285,0.05285714285714285,0.1057142857142857,0.05285714285714285,0.1057142857142857
259,277,277,Anthony Ralston,sct SCO,DF,Celtic,sct Scottish Premiership,24-318,0.0,0.0,0.0,0.0,0.0,0.0,0.0,0.0,0.0,0.0
260,278,278,Yang Hyunjun,kr KOR,FW,Celtic,sct Scottish Premiership,21-128,0.0,0.06999999999999995,0.06999999999999995,0.0,0.06999999999999995,0.0,0.06999999999999995,0.06999999999999995,0.0,0.06999999999999995
261,279,279,Maik Nawrocki,pl POL,DF,Celtic,sct Scottish Premiership,22-235,0.0,0.0,0.0,0.0,0.0,0.0,0.0,0.0,0.0,0.0
262,280,280,Cameron Carter-Vickers,us USA,DF,Celtic,sct Scottish Premiership,25-273,0.0,0.0,0.0,0.0,0.0,0.0,0.0,0.0,0.0,0.0
263,281,281,Reo Hatate,jp JPN,MF,Celtic,sct Scottish Premiership,25-313,0.09285714285714285,0.0,0.09285714285714285,0.0,0.0,0.09285714285714285,0.0,0.09285714285714285,0.0,0.0
264,282,282,James Forrest,sct SCO,FW,Celtic,sct Scottish Premiership,32-085,0.0,0.0,0.0,0.0,0.0,0.0,0.0,0.0,0.0,0.0
265,283,283,Nathaniel Phillips,eng ENG,DF,Celtic,sct Scottish Premiership,26-193,0.0,0.0,0.0,0.0,0.0,0.0,0.0,0.0,0.0,0.0
266,284,284,Scott Bain,sct SCO,GK,Celtic,sct Scottish Premiership,31-312,0.0,0.0,0.0,0.0,0.0,0.0,0.0,0.0,0.0,0.0
267,285,285,Oh Hyeongyu,kr KOR,FW,Celtic,sct Scottish Premiership,22-171,0.0,0.0,0.0,0.0,0.0,0.0,0.0,0.0,0.0,0.0
268,286,286,Odin Thiago Holm,no NOR,MF,Celtic,sct Scottish Premiership,20-255,0.0,0.0,0.0,0.0,0.0,0.0,0.0,0.0,0.0,0.0
269,287,287,Stephen Welsh,sct SCO,DF,Celtic,sct Scottish Premiership,23-254,0.0,0.0,0.0,0.0,0.0,0.0,0.0,0.0,0.0,0.0
270,288,288,Alexandro Bernabei,ar ARG,DF,Celtic,sct Scottish Premiership,23-006,0.0,0.0,0.0,0.0,0.0,0.0,0.0,0.0,0.0,0.0
271,289,289,Luis Enrique Palma,hn HON,MF,Celtic,sct Scottish Premiership,23-256,0.0,0.0,0.0,0.0,0.0,0.0,0.0,0.0,0.0,0.0
272,290,290,Sead Haksabanović,me MNE,"FW,MF",Celtic,sct Scottish Premiership,24-149,0.0,0.0,0.0,0.0,0.0,0.0,0.0,0.0,0.0,0.0
273,291,291,Tomoki Iwata,jp JPN,"DF,MF",Celtic,sct Scottish Premiership,26-176,0.0,0.0,0.0,0.0,0.0,0.0,0.0,0.0,0.0,0.0
274,292,292,Carl Starfelt,se SWE,DF,Celtic,sct Scottish Premiership,28-121,0.0,0.0,0.0,0.0,0.0,0.0,0.0,0.0,0.0,0.0
275,293,293,Paulo Bernardo,pt POR,MF,Celtic,sct Scottish Premiership,21-249,0.0,0.0,0.0,0.0,0.0,0.0,0.0,0.0,0.0,0.0
276,294,294,Kwon Hyeokkyu,kr KOR,MF,Celtic,sct Scottish Premiership,22-201,,,,,,,,,,
277,295,295,Yuki Kobayashi,jp JPN,DF,Celtic,sct Scottish Premiership,23-074,,,,,,,,,,
278,298,298,Omri Glazer,il ISR,GK,Red Star Belgrade,ser Serbian SuperLiga,27-203,0.0,0.0,0.0,0.0,0.0,0.0,0.0,0.0,0.0,0.0
279,299,299,Marko Stamenic,nz NZL,MF,Red Star Belgrade,ser Serbian SuperLiga,21-223,0.0,0.02428571428571425,0.02428571428571425,0.0,0.02428571428571425,0.0,0.02428571428571425,0.02428571428571425,0.0,0.02428571428571425
280,300,300,Peter Olayinka,ng NGA,"FW,MF",Red Star Belgrade,ser Serbian SuperLiga,27-316,0.0257142857142857,0.0257142857142857,0.04999999999999995,0.0257142857142857,0.04999999999999995,0.0257142857142857,0.0257142857142857,0.04999999999999995,0.0257142857142857,0.04999999999999995
281,301,301,Aleksandar Dragović,at AUT,"DF,MF",Red Star Belgrade,ser Serbian SuperLiga,32-208,0.0,0.0257142857142857,0.0257142857142857,0.0,0.0257142857142857,0.0,0.0257142857142857,0.0257142857142857,0.0,0.0257142857142857
282,302,302,Osman Bukari,gh GHA,"FW,MF",Red Star Belgrade,ser Serbian SuperLiga,24-291,0.07857142857142856,0.05285714285714285,0.1314285714285714,0.07857142857142856,0.1314285714285714,0.07857142857142856,0.05285714285714285,0.1314285714285714,0.07857142857142856,0.1314285714285714
283,303,303,Jean-Philippe Krasso,ci CIV,FW,Red Star Belgrade,ser Serbian SuperLiga,26-075,0.17857142857142855,0.06,0.23857142857142855,0.09,0.14857142857142855,0.17857142857142855,0.06,0.23857142857142855,0.09,0.14857142857142855
284,304,304,Vladimir Lučić,rs SRB,FW,Red Star Belgrade,ser Serbian SuperLiga,21-094,0.03,0.03,0.0614285714285714,0.03,0.0614285714285714,0.03,0.03,0.0614285714285714,0.03,0.0614285714285714
285,305,305,Srđan Mijailović,rs SRB,MF,Red Star Belgrade,ser Serbian SuperLiga,29-324,0.0314285714285714,0.0314285714285714,0.0614285714285714,0.0314285714285714,0.0614285714285714,0.0314285714285714,0.0314285714285714,0.0614285714285714,0.0314285714285714,0.0614285714285714
286,306,306,Stefan Mitrović,rs SRB,MF,Red Star Belgrade,ser Serbian SuperLiga,21-046,0.0371428571428571,0.0,0.0371428571428571,0.0371428571428571,0.0371428571428571,0.0371428571428571,0.0,0.0371428571428571,0.0371428571428571,0.0371428571428571
287,307,307,Kings Kangwa,zm ZAM,MF,Red Star Belgrade,ser Serbian SuperLiga,24-177,0.0,0.08428571428571426,0.08428571428571426,0.0,0.08428571428571426,0.0,0.08428571428571426,0.08428571428571426,0.0,0.08428571428571426
288,308,308,Miloš Degenek,au AUS,"DF,MF",Red Star Belgrade,ser Serbian SuperLiga,29-155,0.0,0.0,0.0,0.0,0.0,0.0,0.0,0.0,0.0,0.0
289,309,309,Milan Rodić,rs SRB,DF,Red Star Belgrade,ser Serbian SuperLiga,32-181,0.04428571428571425,0.0,0.04428571428571425,0.04428571428571425,0.04428571428571425,0.04428571428571425,0.0,0.04428571428571425,0.04428571428571425,0.04428571428571425
290,310,310,Mirko Ivanić,me MNE,MF,Red Star Belgrade,ser Serbian SuperLiga,30-017,0.0,0.0,0.0,0.0,0.0,0.0,0.0,0.0,0.0,0.0
291,311,311,Uroš Spajić,rs SRB,DF,Red Star Belgrade,ser Serbian SuperLiga,30-229,0.0,0.0,0.0,0.0,0.0,0.0,0.0,0.0,0.0,0.0
292,312,312,Kosta Nedeljković,rs SRB,DF,Red Star Belgrade,ser Serbian SuperLiga,17-288,0.0,0.0,0.0,0.0,0.0,0.0,0.0,0.0,0.0,0.0
293,313,313,Cherif Ndiaye,sn SEN,"FW,MF",Red Star Belgrade,ser Serbian SuperLiga,27-250,0.0,0.0,0.0,0.0,0.0,0.0,0.0,0.0,0.0,0.0
294,314,314,Guélor Kanga,ga GAB,MF,Red Star Belgrade,ser Serbian SuperLiga,33-029,0.12,0.12,0.24,0.0,0.12,0.12,0.12,0.24,0.0,0.12
295,315,315,Jovan Šljivić,rs SRB,MF,Red Star Belgrade,ser Serbian SuperLiga,17-351,0.0,0.0,0.0,0.0,0.0,0.0,0.0,0.0,0.0,0.0
296,316,316,Lazar Nikolić,rs SRB,MF,Red Star Belgrade,ser Serbian SuperLiga,24-060,0.0,0.0,0.0,0.0,0.0,0.0,0.0,0.0,0.0,0.0
297,317,317,Jovan Mijatović,rs SRB,FW,Red Star Belgrade,ser Serbian SuperLiga,18-081,0.2257142857142857,0.0,0.2257142857142857,0.2257142857142857,0.2257142857142857,0.2257142857142857,0.0,0.2257142857142857,0.2257142857142857,0.2257142857142857
298,318,318,Hwang In-beom,kr KOR,MF,Red Star Belgrade,ser Serbian SuperLiga,27-010,0.0,0.0,0.0,0.0,0.0,0.0,0.0,0.0,0.0,0.0
299,319,319,Uroš Kabić,rs SRB,MF,Red Star Belgrade,ser Serbian SuperLiga,19-272,0.0,0.0,0.0,0.0,0.0,0.0,0.0,0.0,0.0,0.0
300,320,320,Nemanja Milunović,rs SRB,DF,Red Star Belgrade,ser Serbian SuperLiga,34-122,0.0,0.0,0.0,0.0,0.0,0.0,0.0,0.0,0.0,0.0
301,321,321,Irakli Azarov,ge GEO,DF,Red Star Belgrade,ser Serbian SuperLiga,21-221,0.0,0.0,0.0,0.0,0.0,0.0,0.0,0.0,0.0,0.0
302,322,322,Aleksandar Katai,rs SRB,"FW,MF",Red Star Belgrade,ser Serbian SuperLiga,32-236,0.0,0.0,0.0,0.0,0.0,0.0,0.0,0.0,0.0,0.0
303,323,323,Edmund Addo,gh GHA,MF,Red Star Belgrade,ser Serbian SuperLiga,23-136,,,,,,,,,,
304,324,324,Nasser Djiga,bf BFA,DF,Red Star Belgrade,ser Serbian SuperLiga,20-319,,,,,,,,,,
305,325,325,Stefan Lekovic,rs SRB,DF,Red Star Belgrade,ser Serbian SuperLiga,19-264,,,,,,,,,,
306,326,326,Zoran Popović,rs SRB,GK,Red Star Belgrade,ser Serbian SuperLiga,35-125,,,,,,,,,,
307,327,327,Egor Prutsev,ru RUS,MF,Red Star Belgrade,ser Serbian SuperLiga,20-281,,,,,,,,,,
308,328,328,Nikola Vasiljević,ba BIH,"DF,GK",Red Star Belgrade,ser Serbian SuperLiga,27-098,,,,,,,,,,
309,331,331,Saidy Janko,gm GAM,DF,BSC Young Boys,sui Swiss Super League,27-343,0.0,0.0,0.0,0.0,0.0,0.0,0.0,0.0,0.0,0.0
310,332,332,Mohamed Aly Camara,gn GUI,DF,BSC Young Boys,sui Swiss Super League,26-033,0.0,0.0,0.0,0.0,0.0,0.0,0.0,0.0,0.0,0.0
311,333,333,Anthony Racioppi,ch SUI,GK,BSC Young Boys,sui Swiss Super League,24-273,0.0,0.0,0.0,0.0,0.0,0.0,0.0,0.0,0.0,0.0
312,334,334,Filip Ugrinic,ch SUI,"MF,FW",BSC Young Boys,sui Swiss Super League,24-268,0.0271428571428571,0.0557142857142857,0.08285714285714285,0.0271428571428571,0.08285714285714285,0.0271428571428571,0.0557142857142857,0.08285714285714285,0.0271428571428571,0.08285714285714285
313,335,335,Meschak Elia,cd COD,FW,BSC Young Boys,sui Swiss Super League,26-055,0.02857142857142855,0.02857142857142855,0.05857142857142855,0.02857142857142855,0.05857142857142855,0.02857142857142855,0.02857142857142855,0.05857142857142855,0.02857142857142855,0.05857142857142855
314,336,336,Aurele Amenda,ch SUI,DF,BSC Young Boys,sui Swiss Super League,20-061,0.0,0.0,0.0,0.0,0.0,0.0,0.0,0.0,0.0,0.0
315,337,337,Joel Monteiro,pt POR,MF,BSC Young Boys,sui Swiss Super League,24-056,0.1114285714285714,0.0,0.1114285714285714,0.1114285714285714,0.1114285714285714,0.1114285714285714,0.0,0.1114285714285714,0.1114285714285714,0.1114285714285714
316,338,338,Loris Benito,ch SUI,DF,BSC Young Boys,sui Swiss Super League,31-266,0.0357142857142857,0.0357142857142857,0.0714285714285714,0.0357142857142857,0.0714285714285714,0.0357142857142857,0.0357142857142857,0.0714285714285714,0.0357142857142857,0.0714285714285714
317,339,339,Jean-Pierre Nsame,cm CMR,FW,BSC Young Boys,sui Swiss Super League,30-152,0.1657142857142857,0.0,0.1657142857142857,0.12428571428571425,0.12428571428571425,0.1657142857142857,0.0,0.1657142857142857,0.12428571428571425,0.12428571428571425
318,340,340,Darian Males,ch SUI,MF,BSC Young Boys,sui Swiss Super League,22-150,0.0,0.04,0.04,0.0,0.04,0.0,0.04,0.04,0.0,0.04
319,341,341,Cedric Itten,ch SUI,FW,BSC Young Boys,sui Swiss Super League,26-277,0.08714285714285715,0.04285714285714285,0.13,0.04285714285714285,0.08714285714285715,0.08714285714285715,0.04285714285714285,0.13,0.04285714285714285,0.08714285714285715
320,342,342,Łukasz Łakomy,pl POL,"MF,FW",BSC Young Boys,sui Swiss Super League,22-255,0.04428571428571425,0.04428571428571425,0.08714285714285715,0.04428571428571425,0.08714285714285715,0.04428571428571425,0.04428571428571425,0.08714285714285715,0.04428571428571425,0.08714285714285715
321,343,343,Cheikh Niasse,sn SEN,MF,BSC Young Boys,sui Swiss Super League,23-254,0.0,0.0,0.0,0.0,0.0,0.0,0.0,0.0,0.0,0.0
322,344,344,Fabian Rieder,ch SUI,"MF,FW",BSC Young Boys,sui Swiss Super League,21-226,0.0471428571428571,0.0471428571428571,0.0957142857142857,0.0471428571428571,0.0957142857142857,0.0471428571428571,0.0471428571428571,0.0957142857142857,0.0471428571428571,0.0957142857142857
323,345,345,Noah Persson,se SWE,DF,BSC Young Boys,sui Swiss Super League,20-076,0.0,0.0,0.0,0.0,0.0,0.0,0.0,0.0,0.0,0.0
324,346,346,Silvère Ganvoula M'Boussy,cg CGO,FW,BSC Young Boys,sui Swiss Super League,27-100,0.0471428571428571,0.0,0.0471428571428571,0.0471428571428571,0.0471428571428571,0.0471428571428571,0.0,0.0471428571428571,0.0471428571428571,0.0471428571428571
325,347,347,Sandro Lauper,ch SUI,MF,BSC Young Boys,sui Swiss Super League,26-340,0.0,0.0,0.0,0.0,0.0,0.0,0.0,0.0,0.0,0.0
326,348,348,Fabian Lustenberger,ch SUI,DF,BSC Young Boys,sui Swiss Super League,35-151,0.0714285714285714,0.0,0.0714285714285714,0.0714285714285714,0.0714285714285714,0.0714285714285714,0.0,0.0714285714285714,0.0714285714285714,0.0714285714285714
327,349,349,Ulisses Garcia,ch SUI,DF,BSC Young Boys,sui Swiss Super League,27-262,0.0,0.1771428571428571,0.1771428571428571,0.0,0.1771428571428571,0.0,0.1771428571428571,0.1771428571428571,0.0,0.1771428571428571
328,350,350,Kastriot Imeri,ch SUI,MF,BSC Young Boys,sui Swiss Super League,23-095,0.0,0.09857142857142855,0.09857142857142855,0.0,0.09857142857142855,0.0,0.09857142857142855,0.09857142857142855,0.0,0.09857142857142855
329,351,351,Ebrima Colley,gm GAM,MF,BSC Young Boys,sui Swiss Super League,23-241,0.0,0.12285714285714285,0.12285714285714285,0.0,0.12285714285714285,0.0,0.12285714285714285,0.12285714285714285,0.0,0.12285714285714285
330,352,352,David von Ballmoos,ch SUI,GK,BSC Young Boys,sui Swiss Super League,28-274,0.0,0.0,0.0,0.0,0.0,0.0,0.0,0.0,0.0,0.0
331,353,353,Miguel Chaiwa,zm ZAM,MF,BSC Young Boys,sui Swiss Super League,19-176,0.0,0.0,0.0,0.0,0.0,0.0,0.0,0.0,0.0,0.0
332,354,354,Lewin Blum,ch SUI,DF,BSC Young Boys,sui Swiss Super League,22-080,0.0,0.0,0.0,0.0,0.0,0.0,0.0,0.0,0.0,0.0
333,355,355,Donat Rrudhani,xk KVX,MF,BSC Young Boys,sui Swiss Super League,24-151,0.0,0.0,0.0,0.0,0.0,0.0,0.0,0.0,0.0,0.0
334,356,356,Marvin Keller,ch SUI,GK,BSC Young Boys,sui Swiss Super League,21-089,,,,,,,,,,
335,359,359,Dmytro Kryskiv,ua UKR,MF,Shakhtar Donetsk,ukr Ukrainian Premier League,22-359,0.04,0.06,0.09999999999999995,0.04,0.09999999999999995,0.04,0.06,0.09999999999999995,0.04,0.09999999999999995
336,360,360,Oleksandr Zubkov,ua UKR,"MF,FW",Shakhtar Donetsk,ukr Ukrainian Premier League,27-058,0.0,0.02285714285714285,0.02285714285714285,0.0,0.02285714285714285,0.0,0.02285714285714285,0.02285714285714285,0.0,0.02285714285714285
337,361,361,Dmytro Riznyk,ua UKR,GK,Shakhtar Donetsk,ukr Ukrainian Premier League,24-243,0.0,0.0,0.0,0.0,0.0,0.0,0.0,0.0,0.0,0.0
338,362,362,Danylo Sikan,ua UKR,"FW,MF",Shakhtar Donetsk,ukr Ukrainian Premier League,22-167,0.0257142857142857,0.0257142857142857,0.0514285714285714,0.0257142857142857,0.0514285714285714,0.0257142857142857,0.0257142857142857,0.0514285714285714,0.0257142857142857,0.0514285714285714
339,363,363,Mykola Matviyenko,ua UKR,DF,Shakhtar Donetsk,ukr Ukrainian Premier League,27-151,0.0714285714285714,0.0,0.0714285714285714,0.0714285714285714,0.0714285714285714,0.0714285714285714,0.0,0.0714285714285714,0.0714285714285714,0.0714285714285714
340,364,364,Giorgi Gocholeishvili,ge GEO,DF,Shakhtar Donetsk,ukr Ukrainian Premier League,22-228,0.0,0.05857142857142855,0.05857142857142855,0.0,0.05857142857142855,0.0,0.05857142857142855,0.05857142857142855,0.0,0.05857142857142855
341,365,365,Oleksii Kashchuk,ua UKR,"MF,FW",Shakhtar Donetsk,ukr Ukrainian Premier League,23-093,0.09714285714285716,0.03285714285714285,0.1285714285714286,0.09714285714285716,0.1285714285714286,0.09714285714285716,0.03285714285714285,0.1285714285714286,0.09714285714285716,0.1285714285714286
342,366,366,Taras Stepanenko,ua UKR,MF,Shakhtar Donetsk,ukr Ukrainian Premier League,34-053,0.0,0.0,0.0,0.0,0.0,0.0,0.0,0.0,0.0,0.0
343,367,367,Irakli Azarov,ge GEO,DF,Shakhtar Donetsk,ukr Ukrainian Premier League,21-221,0.0,0.0357142857142857,0.0357142857142857,0.0,0.0357142857142857,0.0,0.0357142857142857,0.0357142857142857,0.0,0.0357142857142857
344,368,368,Dmytro Topalov,ua UKR,DF,Shakhtar Donetsk,ukr Ukrainian Premier League,25-202,0.0,0.0,0.0,0.0,0.0,0.0,0.0,0.0,0.0,0.0
345,369,369,Eduard Kozik,ua UKR,DF,Shakhtar Donetsk,ukr Ukrainian Premier League,20-164,0.0,0.0371428571428571,0.0371428571428571,0.0,0.0371428571428571,0.0,0.0371428571428571,0.0371428571428571,0.0,0.0371428571428571
346,370,370,Artem Bondarenko,ua UKR,MF,Shakhtar Donetsk,ukr Ukrainian Premier League,23-040,0.0,0.04428571428571425,0.04428571428571425,0.0,0.04428571428571425,0.0,0.04428571428571425,0.04428571428571425,0.0,0.04428571428571425
347,371,371,Yehor Nazaryna,ua UKR,MF,Shakhtar Donetsk,ukr Ukrainian Premier League,26-082,0.08285714285714285,0.0,0.08285714285714285,0.08285714285714285,0.08285714285714285,0.08285714285714285,0.0,0.08285714285714285,0.08285714285714285,0.08285714285714285
348,372,372,Lassina Franck Traoré,bf BFA,FW,Shakhtar Donetsk,ukr Ukrainian Premier League,22-261,0.1285714285714286,0.0,0.1285714285714286,0.1285714285714286,0.1285714285714286,0.1285714285714286,0.0,0.1285714285714286,0.1285714285714286,0.1285714285714286
349,373,373,Yukhym Konoplia,ua UKR,DF,Shakhtar Donetsk,ukr Ukrainian Premier League,24-035,0.0,0.0,0.0,0.0,0.0,0.0,0.0,0.0,0.0,0.0
350,374,374,Heorhii Sudakov,ua UKR,MF,Shakhtar Donetsk,ukr Ukrainian Premier League,21-029,0.11857142857142855,0.0,0.11857142857142855,0.11857142857142855,0.11857142857142855,0.11857142857142855,0.0,0.11857142857142855,0.11857142857142855,0.11857142857142855
351,375,375,Dmytro Chygrynskiy,ua UKR,DF,Shakhtar Donetsk,ukr Ukrainian Premier League,36-327,0.0,0.0,0.0,0.0,0.0,0.0,0.0,0.0,0.0,0.0
352,376,376,Yaroslav Rakitskiy,ua UKR,DF,Shakhtar Donetsk,ukr Ukrainian Premier League,34-058,0.0,0.0,0.0,0.0,0.0,0.0,0.0,0.0,0.0,0.0
353,377,377,Kevin Kelsy,ve VEN,FW,Shakhtar Donetsk,ukr Ukrainian Premier League,19-065,0.0,0.0,0.0,0.0,0.0,0.0,0.0,0.0,0.0,0.0
354,378,378,Oleh Ocheretko,ua UKR,MF,Shakhtar Donetsk,ukr Ukrainian Premier League,20-128,0.0,0.0,0.0,0.0,0.0,0.0,0.0,0.0,0.0,0.0
355,379,379,Stav Lemkin,il ISR,DF,Shakhtar Donetsk,ukr Ukrainian Premier League,20-181,0.0,0.0,0.0,0.0,0.0,0.0,0.0,0.0,0.0,0.0
356,380,380,Valerii Bondar,ua UKR,DF,Shakhtar Donetsk,ukr Ukrainian Premier League,24-215,0.0,0.0,0.0,0.0,0.0,0.0,0.0,0.0,0.0,0.0
357,381,381,Artur Rudko,ua UKR,GK,Shakhtar Donetsk,ukr Ukrainian Premier League,31-146,0.0,0.0,0.0,0.0,0.0,0.0,0.0,0.0,0.0,0.0
358,382,382,Bohdan Viunnyk,ua UKR,FW,Shakhtar Donetsk,ukr Ukrainian Premier League,21-132,0.07428571428571425,0.14857142857142855,0.22285714285714284,0.07428571428571425,0.22285714285714284,0.07428571428571425,0.14857142857142855,0.22285714285714284,0.07428571428571425,0.22285714285714284
359,383,383,Novatus Dismas,tz TAN,MF,Shakhtar Donetsk,ukr Ukrainian Premier League,21-028,0.0,0.0,0.0,0.0,0.0,0.0,0.0,0.0,0.0,0.0
360,384,384,Newerton,br BRA,FW,Shakhtar Donetsk,ukr Ukrainian Premier League,18-119,0.0,0.0,0.0,0.0,0.0,0.0,0.0,0.0,0.0,0.0
361,385,385,Denil Castillo,ec ECU,MF,Shakhtar Donetsk,ukr Ukrainian Premier League,19-190,0.0,0.0,0.0,0.0,0.0,0.0,0.0,0.0,0.0,0.0
362,386,386,Marian Faryna,ua UKR,DF,Shakhtar Donetsk,ukr Ukrainian Premier League,20-033,0.0,0.0,0.0,0.0,0.0,0.0,0.0,0.0,0.0,0.0
363,387,387,Pedrinho,br BRA,DF,Shakhtar Donetsk,ukr Ukrainian Premier League,21-081,0.0,0.0,0.0,0.0,0.0,0.0,0.0,0.0,0.0,0.0
364,388,388,Eguinaldo,br BRA,MF,Shakhtar Donetsk,ukr Ukrainian Premier League,19-052,0.0,0.0,0.0,0.0,0.0,0.0,0.0,0.0,0.0,0.0
365,389,389,Marian Farina,be BEL,,Shakhtar Donetsk,ukr Ukrainian Premier League,20-033,,,,,,,,,,
366,390,390,Anton Hlushchenko,ua UKR,MF,Shakhtar Donetsk,ukr Ukrainian Premier League,19-163,,,,,,,,,,
367,391,391,Tymur Puzankov,ua UKR,GK,Shakhtar Donetsk,ukr Ukrainian Premier League,20-210,,,,,,,,,,
368,392,392,Maryan Shved,ua UKR,"FW,MF",Shakhtar Donetsk,ukr Ukrainian Premier League,26-076,,,,,,,,,,
369,393,393,Husrav Toirov,tj TJK,MF,Shakhtar Donetsk,ukr Ukrainian Premier League,19-060,,,,,,,,,,
370,394,394,Anatolii Trubin,ua UKR,GK,Shakhtar Donetsk,ukr Ukrainian Premier League,22-060,,,,,,,,,,
371,395,395,Denys Tvardovskyi,ua UKR,GK,Shakhtar Donetsk,ukr Ukrainian Premier League,20-109,,,,,,,,,,
372,396,396,Danylo Udod,ua UKR,DF,Shakhtar Donetsk,ukr Ukrainian Premier League,19-205,,,,,,,,,,
